name,category
La Peyriere / Herbe Blanche,up
Aigas - Caravieira,up
Albarea,up
Alpe Bonette,up
Amen,up
Anan-Graoun,up
Anduebis,up
Anelle Chabanalons,up
Archas Champet Balla / Balaour,up
Arpiha Couesta,up
Ars Fraccia,up
Bachelard,up
Bachialon Refrei,up
Bante - Plan de Bante,up
Barrels,up
Bas Fromagine Merime / Bas de Merime,up
Bas Gialorgues / Gialorgues,up
Bas Tenibre - Fourneis,up
Belvedere village,up
Beoules Le Parc,up
Beroulf Piaon,up
Bes-Tinsounil,up
Bolofret / Col de Pal Belofre / Pal la Laurenciere / Ruissienigous,up
Bosco les Mesches,up
Burenta / Burente,up
Cabane a Mouton-Saboulet,up
Cabanes-Vieilles /  Piaggia,up
Cagnourina - La Penne,up
Cagnourine,up
Campe,up
Campe-Malmorth,up
Canelle,up
Caran Neggia / Beole,up
Cascai,up
Castel,up
Castel,up
Castel Tournou,up
Cavalet - Salese - Vacherie Boreon,up
Celestrera,up
Certamussat,up
Ceva Causega / La Vacherie Causega,up
Chabanalons-l'Ardon,up
Chabanals / Ciabanals,up
Chabrimand - L'Encombrette,up
Chafalc - Les Molieres,up
Chancelaye,up
Chapelle St Michel,up
Chastellar,up
Chastillon / Vacherie de Chastillon,up
Chaumie,up
Chavalet,up
Ciage,up
Cials Chalvet Bercha / Cials-Auron,up
Ciante / Cient‚ fossaler-Col de Tende,up
Cime Ventabren / Le Ventabren,up
Clai,up
Clapouse Chevalier,up
Clignon Haut,up
Clos Pelouse / Camp des Fourches / Bousieyas,up
Clos Serre Barbevei / Barbevieille,up
Clos Touron,up
Clot Morin / La Grangette-les Granets / Bouchier,up
Col Brouis Piene / Piene-Haute,up
Col d'Allos / Valgelaye,up
Col de Blainon / Blainon / Colombier,up
Col de fours,up
Col de Larche,up
Col des Champs-Drouit,up
Col des champs-Rattery,up
Col St Martin,up
Colombet,up
Colombiere Raton-Illion,up
Combejars,up
Costebelle,up
Cote belle,up
Courrouit,up
Crosso-Chastellares,up
Cuson,up
Dea-Liniere,up
Demant,up
Entenor / Entenor Rougnous,up
Erc,up
Estrop,up
Eyssalps,up
Falcon,up
Faysset la Goura / Faysset Abietta,up
Ferisson 2,up
Ferisson 3 / Moussillon,up
Ferisson 4,up
Font Creize,up
Fontanalbe,up
Four St Laurent,up
Fracha L'Estrop / Basse cabane-Entraunes,up
Framorsora,up
Galestriere,up
Galet,up
Gaudissart,up
Gialorgue Haut,up
Giarons,up
Granges Amatte / Corvo,up
Granges communes,up
Granges Contes Pelelin,up
Hauts de Sanieres,up
Impelat,up
Issias-Rochepin,up
Jugal,up
L'Alp,up
L'alp Bouchiers,up
L'Auriac / L'Auriac-La Sellette,up
L'autapie,up
L'Encombret / Bois de l'Indigo/ Cheiroueche,up
L'Ubac,up
La Bessea,up
La Blache,up
La Blache Estive,up
La Cayolle / Col de la Cayolle,up
La Cluite - Les Eichas,up
La Coletta,up
La Colmiane,up
La Couagne,up
La Couosto,up
La Dorgane,up
La Frache,up
La Gaillarde / Gaillarde Rougnoux,up
La Gombe,up
La Gordolasque,up
La Lance,up
La Lavina,up
La Mairis,up
La Mele Irasse Liber,up
La Palu,up
La Roria,up
La Saussette,up
La Sea,up
La Villette,up
Lac d'Allos,up
Lac de la fous,up
Lac des Adus,up
Lancioures,up
Lançonnet,up
Lantourasca,up
Larche,up
Larzet - Rouagne,up
Lausson Aillauds / Lausson / Saint Sauveur les Aillauds,up
Le Bosquet,up
Le Brec,up
Le Camp Garnier / Le Camp,up
Le Collet,up
Le defens,up
Le Lauzanier-Le Prayer,up
Le Lavigne,up
Le Pommier,up
Le Pous-Pesourbe / Pouss 1 et 2,up
Le Pra,up
Le Seignus,up
Le Seignus 2,up
Le Sueuil,up
Le Tapi,up
Le Vallonet,up
Le Valonnet,up
Le Verger,up
Le Villard,up
Le Villard,up
Le Villars,up
Les Agneliers,up
Les Bois,up
Les Cafans,up
Les Chalons,up
Les Garrets,up
Les Gays-la Foux,up
Les Juges / Les Juges-Grand Paul,up
Les Meyries,up
Les Moulines,up
Les Plans,up
Les Pres Hauts,up
Les Tourres,up
Les Vallons,up
Lignin,up
Lou Bregeoun,up
Louiqs,up
Lugo,up
Madone Fenestre,up
Mairis / Maïris-Verrairiers,up
Mallemort de Larche,up
Mangiabo Montgros,up
Manteguas,up
Marges,up
Marguerie / Margueria,up
Maurigon,up
Merlier,up
Meyronnes,up
Miessegole,up
Mihubi - Garamagne,up
Millefonts-Plan de la Gourre,up
Monier,up
Mont Aucellier - Longon,up
Mont Grazin,up
Mont Tron / Praghiou,up
Montagnette Vallon Remy,up
Montgros-La Colette,up
Morjuan,up
Mortis Boulière / Boulière,up
Mouries-le Mont,up
Muletiers,up
Nonciere,up
Oronaye,up
Ortiguier,up
Ourno Guarre,up
Oustamoura - La Bouisse,up
Peirastreche,up
Peiremonte,up
Pelouse,up
Petit-Restefond,up
Peve,up
Peyrafique-Chajol,up
Pinee Beole / Gan,up
Pinguille-Tetes Pra Tailler / Testas Vaccias,up
Pis-Parassac,up
Plampiasco-Bon Fromagine-Merime,up
Plan Tendasque / Valaurette,up
Porte de Douans-Qrt Vallons Bourguet / Bourguet,up
Pra Galia - La Cantonniere,up
Pra Gela,up
Pra Loup - Bernardes,up
Pra Premier,up
Pra Soubeyran,up
Pra Soubeyran,up
Prals,up
Preinier,up
Premin-Pra Bertrand,up
Puge-Haut,up
Quartier Saint Michel,up
Rabuons,up
Ribi Passa - Clapière,up
Rise,up
Rougelle,up
Rougios,up
Rougna - Barusche,up
Roux Abrighe,up
Roya Quart Blainon,up
Rubi tête Rigaud - Cerisier,up
Sabion-Casterino,up
Sadour,up
Sainte Marie,up
Salevieile Faysse / Salevieille,up
Salso-Moreno,up
Sanguière-Braisse,up
Sanguinière,up
SAS,up
Septenne,up
Sestrière,up
Sestriere (Allos),up
Simon,up
Speggi,up
St Dalmas Village,up
St Julien,up
St Ours,up
St Vincent,up
Ste Brigitte - Le Villard,up
Talon / Les longs,up
Taupe Miniere-Nauque / Taupe-Nauca-Viore,up
Tavan,up
Tenibre,up
Tete Charnaye,up
Tiecs,up
Toina,up
Tournerie,up
Tremenil les Adres et Tremenil Granges Colonel,up
Trotte Rabine,up
Tuor / Coulette Tuor,up
Ubac de Bayasse,up
Ubac de Cai,up
Ubaguette Tata,up
Vacherie Collet,up
Vacherie de Roubion / Vacherie de Vignols,up
Vacherie de St Sauveur / Mont Sauveur,up
Vacherie Demandols,up
Vacherie Rimplas / La Montagnole,up
Vacherie Roure,up
Vacherie Tuor,up
Val d'enfer / Val d'enfer nord,up
Val d'enfer / Val d'enfer sud,up
Valcibiere,up
Valdegouste / Aurusi / Vallefreggia,up
Valdemars-Bois Noir / Valdemars-le Balaou,up
Valette Paranova,up
Valloar,up
Vallon Druyère / La Druyère,up
Vallon Jullien ,up
Valmasque,up
Valmaurina,up
Valplane,up
Velega / Vellega-Varne,up
Vens,up
Ventabren,up
Vescal / Col d'Allos,up
Vievola,up
Vignes-Plantier,up
Villard des Arnauds,up
Villeplane,up
Viraysse,up
Piste d’Argentios,piste
Piste de Caran,piste
Piste du Cavalet,piste
Piste de Cayros,piste
Piste de la Céva,piste
Piste de Champs Richard,piste
Piste de Claï,piste
Piste de Couesto,piste
Piste de la Déa,piste
Piste de Fontanalbe,piste
Piste de Fromagine,piste
Piste de la Grande Cayolle,piste
Piste des Granges du colonel,piste
Piste de l’Issias,piste
Piste du Lac d’Allos,piste
Piste du Lauzanier,piste
Piste Mercière,piste
Piste des Merveilles,piste
Piste de Mollières,piste
Piste de l’Ortiguier,piste
Piste de Peyreblanque,piste
"Piste de Salèse, partie comprise dans le cœur du parc national sur la commune de Saint-Martin-vésubie ",piste
Piste de la vacherie de la Madone de Fenestre,piste
Piste de Valmasque,piste
Piste de Vignols,piste
Toutes pistes,piste
